{
    "2022": {
        "year_mean":2022.0,
        "year_std":0.0,
        "age_mean":27.86035313,
        "age_std":3.2704589101,
        "p_war_mean":0.6422150883,
        "p_war_std":1.2949442521,
        "p_w_mean":3.3258426966,
        "p_w_std":3.7551366604,
        "p_l_mean":3.2086677368,
        "p_l_std":3.2502468851,
        "p_win_loss_perc_mean":0.4815505618,
        "p_win_loss_perc_std":0.2776678409,
        "p_earned_run_avg_mean":4.6499839486,
        "p_earned_run_avg_std":4.0680547703,
        "p_g_mean":26.0401284109,
        "p_g_std":19.7181097816,
        "p_gs_mean":6.8667736758,
        "p_gs_std":10.3599170544,
        "p_gf_mean":5.6035313002,
        "p_gf_std":8.9573006591,
        "p_cg_mean":0.0545746388,
        "p_cg_std":0.3405699363,
        "p_sho_mean":0.025682183,
        "p_sho_std":0.1583124687,
        "p_sv_mean":1.5987158909,
        "p_sv_std":5.0689266754,
        "p_ip_mean":57.1321027287,
        "p_ip_std":51.4140912088,
        "p_h_mean":51.9614767255,
        "p_h_std":47.3987171235,
        "p_r_mean":26.7624398074,
        "p_r_std":23.4503937362,
        "p_er_mean":24.5024077047,
        "p_er_std":21.8879691509,
        "p_hr_mean":6.7062600321,
        "p_hr_std":6.886919143,
        "p_bb_mean":19.3868378812,
        "p_bb_std":15.8290593241,
        "p_ibb_mean":0.5553772071,
        "p_ibb_std":0.9229474371,
        "p_so_mean":55.1878009631,
        "p_so_std":50.9671892957,
        "p_hbp_mean":2.6356340289,
        "p_hbp_std":3.0027556809,
        "p_bk_mean":0.1492776886,
        "p_bk_std":0.4302044212,
        "p_wp_mean":2.0722311396,
        "p_wp_std":2.334471717,
        "p_bfp_mean":240.9775280899,
        "p_bfp_std":211.7650585169,
        "p_earned_run_avg_plus_mean":114.1326699834,
        "p_earned_run_avg_plus_std":75.5139355514,
        "p_fip_mean":4.3750401284,
        "p_fip_std":3.0845497084,
        "p_whip_mean":1.4088539326,
        "p_whip_std":0.7542064671,
        "p_hits_per_nine_mean":8.7889245586,
        "p_hits_per_nine_std":4.3412575377,
        "p_hr_per_nine_mean":1.1841091493,
        "p_hr_per_nine_std":1.5919677204,
        "p_bb_per_nine_mean":3.895024077,
        "p_bb_per_nine_std":3.717036163,
        "p_so_per_nine_mean":8.5898876404,
        "p_so_per_nine_std":2.6545193799,
        "p_strikeouts_per_base_on_balls_mean":2.9054440789,
        "p_strikeouts_per_base_on_balls_std":2.1179881816,
        "salary_info_mean":2499781.8456692914,
        "salary_info_std":4645808.2473504785,
        "p_g_per_dollar_mean":0.0000262116,
        "p_g_per_dollar_std":0.0000253524,
        "p_war_per_dollar_mean":0.0000005358,
        "p_war_per_dollar_std":0.0000013995,
        "p_w_per_dollar_mean":0.0000029037,
        "p_w_per_dollar_std":0.0000039544,
        "p_ip_per_dollar_mean":0.0000524778,
        "p_ip_per_dollar_std":0.000056807,
        "p_so_per_dollar_mean":0.0000498792,
        "p_so_per_dollar_std":0.0000553743,
        "p_so_per_nine_per_dollar_mean":0.0000091196,
        "p_so_per_nine_per_dollar_std":0.0000053646,
        "p_earned_run_avg_plus_per_dollar_mean":0.0000104636,
        "p_earned_run_avg_plus_per_dollar_std":0.0000739513
    },
    "2023":{
        "year_mean":2023.0,
        "year_std":0.0,
        "age_mean":28.1655172414,
        "age_std":3.4863859002,
        "p_war_mean":0.5649655172,
        "p_war_std":1.122909429,
        "p_w_mean":3.0303448276,
        "p_w_std":3.5393081568,
        "p_l_mean":2.8924137931,
        "p_l_std":3.1621921106,
        "p_win_loss_perc_mean":0.5074610282,
        "p_win_loss_perc_std":0.2963878493,
        "p_earned_run_avg_mean":4.9488,
        "p_earned_run_avg_std":5.194542591,
        "p_g_mean":24.4220689655,
        "p_g_std":19.9785398296,
        "p_gs_mean":6.1048275862,
        "p_gs_std":9.7358789301,
        "p_gf_mean":5.3613793103,
        "p_gf_std":8.9556394946,
        "p_cg_mean":0.0468965517,
        "p_cg_std":0.2791203557,
        "p_sho_mean":0.0275862069,
        "p_sho_std":0.1799642224,
        "p_sv_mean":1.4703448276,
        "p_sv_std":5.3954928517,
        "p_ip_mean":52.315862069,
        "p_ip_std":49.3623739376,
        "p_h_mean":49.0662068966,
        "p_h_std":46.7913970417,
        "p_r_mean":26.6027586207,
        "p_r_std":24.4151364405,
        "p_er_mean":24.5820689655,
        "p_er_std":22.9766987089,
        "p_hr_mean":6.9889655172,
        "p_hr_std":7.237287552,
        "p_bb_mean":19.0344827586,
        "p_bb_std":16.7370853128,
        "p_ibb_mean":0.5434482759,
        "p_ibb_std":0.9690524643,
        "p_so_mean":51.4124137931,
        "p_so_std":50.1745528858,
        "p_hbp_mean":2.5075862069,
        "p_hbp_std":2.6962241543,
        "p_bk_mean":0.2551724138,
        "p_bk_std":0.6216546974,
        "p_wp_mean":1.9296551724,
        "p_wp_std":2.3148011662,
        "p_bfp_mean":223.4455172414,
        "p_bfp_std":206.1408395136,
        "p_earned_run_avg_plus_mean":115.3526011561,
        "p_earned_run_avg_plus_std":77.861188269,
        "p_fip_mean":4.6856,
        "p_fip_std":2.2822295317,
        "p_whip_mean":1.4431489655,
        "p_whip_std":0.7581523666,
        "p_hits_per_nine_mean":8.8157241379,
        "p_hits_per_nine_std":3.7532639101,
        "p_hr_per_nine_mean":1.2515862069,
        "p_hr_per_nine_std":0.9437718757,
        "p_bb_per_nine_mean":4.1750344828,
        "p_bb_per_nine_std":4.3620820533,
        "p_so_per_nine_mean":8.788137931,
        "p_so_per_nine_std":2.7126565403,
        "p_strikeouts_per_base_on_balls_mean":2.7036067893,
        "p_strikeouts_per_base_on_balls_std":1.4861517994,
        "salary_info_mean":2708068.1173260575,
        "salary_info_std":4974176.7035891041,
        "p_g_per_dollar_mean":0.0000230825,
        "p_g_per_dollar_std":0.0000237813,
        "p_war_per_dollar_mean":0.0000004347,
        "p_war_per_dollar_std":0.0000010815,
        "p_w_per_dollar_mean":0.0000024777,
        "p_w_per_dollar_std":0.0000035223,
        "p_ip_per_dollar_mean":0.0000450368,
        "p_ip_per_dollar_std":0.0000517179,
        "p_so_per_dollar_mean":0.0000438374,
        "p_so_per_dollar_std":0.0000514513,
        "p_so_per_nine_per_dollar_mean":0.0000090552,
        "p_so_per_nine_per_dollar_std":0.000005491,
        "p_earned_run_avg_plus_per_dollar_mean":0.0000120204,
        "p_earned_run_avg_plus_per_dollar_std":0.0000853677
    },
    "2024":{
        "year_mean":2024.0,
        "year_std":0.0,
        "age_mean":28.5513784461,
        "age_std":3.684787385,
        "p_war_mean":0.5046365915,
        "p_war_std":1.1301129981,
        "p_w_mean":2.8270676692,
        "p_w_std":3.596341257,
        "p_l_mean":2.7844611529,
        "p_l_std":3.2934533211,
        "p_win_loss_perc_mean":0.4806463023,
        "p_win_loss_perc_std":0.3034551334,
        "p_earned_run_avg_mean":5.1629433962,
        "p_earned_run_avg_std":6.8181118914,
        "p_g_mean":23.0426065163,
        "p_g_std":20.1465942269,
        "p_gs_mean":5.7669172932,
        "p_gs_std":9.7447116963,
        "p_gf_mean":5.156641604,
        "p_gf_std":8.7510830876,
        "p_cg_mean":0.0350877193,
        "p_cg_std":0.2035369306,
        "p_sho_mean":0.0200501253,
        "p_sho_std":0.1402596534,
        "p_sv_mean":1.3696741855,
        "p_sv_std":5.1095828629,
        "p_ip_mean":49.276566416,
        "p_ip_std":49.9464128374,
        "p_h_mean":45.3822055138,
        "p_h_std":46.0526187965,
        "p_r_mean":24.1729323308,
        "p_r_std":23.5709275703,
        "p_er_mean":22.1303258145,
        "p_er_std":21.9997845922,
        "p_hr_mean":6.2343358396,
        "p_hr_std":6.8042332382,
        "p_bb_mean":16.9786967419,
        "p_bb_std":15.9125053545,
        "p_ibb_mean":0.5676691729,
        "p_ibb_std":1.0578296622,
        "p_so_mean":47.5438596491,
        "p_so_std":49.2904988912,
        "p_hbp_mean":2.2894736842,
        "p_hbp_std":2.8003700192,
        "p_bk_mean":0.2218045113,
        "p_bk_std":0.5392273406,