{
    "2022":{
        "year_mean":2022.0,
        "year_std":0.0,
        "age_mean":27.0018382353,
        "age_std":3.2487419755,
        "b_war_mean":1.073480663,
        "b_war_std":1.7829337124,
        "b_games_mean":74.3602941176,
        "b_games_std":51.2616043971,
        "b_pa_mean":275.3915441176,
        "b_pa_std":215.623681467,
        "b_ab_mean":246.8106617647,
        "b_ab_std":192.5911685198,
        "b_r_mean":32.2996323529,
        "b_r_std":28.4172463368,
        "b_h_mean":60.8033088235,
        "b_h_std":51.7392519429,
        "b_doubles_mean":12.2867647059,
        "b_doubles_std":11.2890423171,
        "b_triples_mean":0.9834558824,
        "b_triples_std":1.438007563,
        "b_hr_mean":8.2095588235,
        "b_hr_std":9.2547444698,
        "b_rbi_mean":30.5698529412,
        "b_rbi_std":28.4159885994,
        "b_sb_mean":4.0036764706,
        "b_sb_std":6.2601656035,
        "b_cs_mean":1.2959558824,
        "b_cs_std":1.9341608232,
        "b_bb_mean":22.8602941176,
        "b_bb_std":21.193199783,
        "b_so_mean":60.7849264706,
        "b_so_std":46.0365343827,
        "b_batting_avg_mean":0.2253659889,
        "b_batting_avg_std":0.0727391781,
        "b_onbase_perc_mean":0.2940609982,
        "b_onbase_perc_std":0.0795925851,
        "b_slugging_perc_mean":0.3576155268,
        "b_slugging_perc_std":0.1286662495,
        "b_onbase_plus_slugging_mean":0.6516358595,
        "b_onbase_plus_slugging_std":0.1974342613,
        "b_onbase_plus_slugging_plus_mean":84.7966728281,
        "b_onbase_plus_slugging_plus_std":54.7544964163,
        "b_roba_mean":0.2932532348,
        "b_roba_std":0.0823593785,
        "b_rbat_plus_mean":83.5471349353,
        "b_rbat_plus_std":59.1125738341,
        "b_tb_mean":99.6856617647,
        "b_tb_std":87.7344189329,
        "b_gidp_mean":5.0330882353,
        "b_gidp_std":4.9993377852,
        "b_hbp_mean":3.1893382353,
        "b_hbp_std":3.883074232,
        "b_sh_mean":0.5772058824,
        "b_sh_std":1.4276649359,
        "b_sf_mean":1.8474264706,
        "b_sf_std":2.0751695207,
        "b_ibb_mean":0.7683823529,
        "b_ibb_std":2.0593478989,
        "salary_info_mean":3570384.4043715848,
        "salary_info_std":6378499.2286351398,
        "b_war_per_dollar_mean":0.0000007305,
        "b_war_per_dollar_std":0.0000016594,
        "b_h_per_dollar_mean":0.0000487014,
        "b_h_per_dollar_std":0.0000570237,
        "b_hr_per_dollar_mean":0.0000060242,
        "b_hr_per_dollar_std":0.0000082722,
        "b_doubles_per_dollar_mean":0.0000097008,
        "b_doubles_per_dollar_std":0.0000119561,
        "b_triples_per_dollar_mean":0.0000008833,
        "b_triples_per_dollar_std":0.0000016102,
        "b_sb_per_dollar_mean":0.0000035485,
        "b_sb_per_dollar_std":0.0000072557,
        "b_bb_per_dollar_mean":0.000017415,
        "b_bb_per_dollar_std":0.0000207904,
        "b_tb_per_dollar_mean":0.0000782414,
        "b_tb_per_dollar_std":0.0000923623,
        "b_games_per_dollar_mean":0.0000633295,
        "b_games_per_dollar_std":0.0000631871,
        "ops_plus_per_dollar_mean":-0.0000224327,
        "ops_plus_per_dollar_std":0.0000725337
    },
    "2023":{
        "year_mean":2023.0,
        "year_std":0.0,
        "age_mean":27.3047138047,
        "age_std":3.4873529154,
        "b_war_mean":1.015682968,
        "b_war_std":1.6964211875,
        "b_games_mean":77.7962962963,
        "b_games_std":50.7834132581,
        "b_pa_mean":285.3097643098,
        "b_pa_std":218.1139877253,
        "b_ab_mean":254.6161616162,
        "b_ab_std":193.8987430888,
        "b_r_mean":35.2693602694,
        "b_r_std":30.3235754531,
        "b_h_mean":63.7828282828,
        "b_h_std":52.8404800504,
        "b_doubles_mean":12.8282828283,
        "b_doubles_std":11.1408644846,
        "b_triples_mean":1.1313131313,
        "b_triples_std":1.7039570927,
        "b_hr_mean":9.2491582492,
        "b_hr_std":9.8349897254,
        "b_rbi_mean":33.6245791246,
        "b_rbi_std":29.8421163374,
        "b_sb_mean":5.6262626263,
        "b_sb_std":8.9404088908,
        "b_cs_mean":1.3872053872,
        "b_cs_std":2.100727715,
        "b_bb_mean":24.6851851852,
        "b_bb_std":23.1174918856,
        "b_so_mean":64.3939393939,
        "b_so_std":49.0758063538,
        "b_batting_avg_mean":0.2314263959,
        "b_batting_avg_std":0.0643070567,
        "b_onbase_perc_mean":0.3020050761,
        "b_onbase_perc_std":0.0712887062,
        "b_slugging_perc_mean":0.3774839255,
        "b_slugging_perc_std":0.123445065,
        "b_onbase_plus_slugging_mean":0.6794906937,
        "b_onbase_plus_slugging_std":0.1820020753,
        "b_onbase_plus_slugging_plus_mean":85.4399323181,
        "b_onbase_plus_slugging_plus_std":48.3544753261,
        "b_roba_mean":0.3031861252,
        "b_roba_std":0.0733960643,
        "b_rbat_plus_mean":84.8781725888,
        "b_rbat_plus_std":52.3727065098,
        "b_tb_mean":106.6212121212,
        "b_tb_std":91.253051165,
        "b_gidp_mean":5.3063973064,
        "b_gidp_std":5.3517480226,
        "b_hbp_mean":3.3114478114,
        "b_hbp_std":4.0355465567,
        "b_sh_mean":0.67003367,
        "b_sh_std":1.3982201402,
        "b_sf_mean":1.8787878788,
        "b_sf_std":2.1563165486,
        "b_ibb_mean":0.771043771,
        "b_ibb_std":2.0054150777,
        "salary_info_mean":4030586.1072026799,
        "salary_info_std":6789386.5445030574,
        "b_war_per_dollar_mean":0.0000006134,
        "b_war_per_dollar_std":0.0000014631,
        "b_h_per_dollar_mean":0.0000458365,
        "b_h_per_dollar_std":0.0000541251,
        "b_hr_per_dollar_mean":0.0000062234,
        "b_hr_per_dollar_std":0.0000088391,
        "b_doubles_per_dollar_mean":0.0000091896,
        "b_doubles_per_dollar_std":0.0000112099,
        "b_triples_per_dollar_mean":0.0000008976,
        "b_triples_per_dollar_std":0.0000018093,
        "b_sb_per_dollar_mean":0.0000046424,
        "b_sb_per_dollar_std":0.0000098224,
        "b_bb_per_dollar_mean":0.0000172005,
        "b_bb_per_dollar_std":0.000021462,
        "b_tb_per_dollar_mean":0.0000754915,
        "b_tb_per_dollar_std":0.0000906742,
        "b_games_per_dollar_mean":0.0000602656,
        "b_games_per_dollar_std":0.0000601309,
        "ops_plus_per_dollar_mean":-0.0000200384,
        "ops_plus_per_dollar_std":0.0000610042
    },
    "2024":{
        "year_mean":2024.0,
        "year_std":0.0,
        "age_mean":27.6984615385,
        "age_std":3.6016813531,
        "b_war_mean":0.8986111111,
        "b_war_std":1.7092749758,
        "b_games_mean":72.5753846154,
        "b_games_std":52.1226301764,
        "b_pa_mean":262.4553846154,
        "b_pa_std":216.6046763896,
        "b_ab_mean":235.5753846154,
        "b_ab_std":193.827106755,
        "b_r_mean":30.9646153846,
        "b_r_std":28.8430796766,
        "b_h_mean":57.4876923077,
        "b_h_std":51.5814672936,
        "b_doubles_mean":11.2184615385,
        "b_doubles_std":10.586570152,
        "b_triples_mean":1.0215384615,
        "b_triples_std":1.7296910764,
        "b_hr_mean":7.9523076923,
        "b_hr_std":9.2509543537,
        "b_rbi_mean":29.5723076923,
        "b_rbi_std":28.6367479049,
        "b_sb_mean":5.2661538462,
        "b_sb_std":8.3935329299,
        "b_cs_mean":1.3569230769,
        "b_cs_std":2.1525753545,
        "b_bb_mean":21.4384615385,
        "b_bb_std":21.098931923,
        "b_so_mean":59.2676923077,
        "b_so_std":48.8746300557,
        "b_batting_avg_mean":0.2230464396,
        "b_batting_avg_std":0.0795639532,
        "b_onbase_perc_mean":0.2898902628,
        "b_onbase_perc_std":0.0888264144,
        "b_slugging_perc_mean":0.3556718266,
        "b_slugging_perc_std":0.1371379684,
        "b_onbase_plus_slugging_mean":0.6444643963,
        "b_onbase_plus_slugging_std":0.2097981558,
        "b_onbase_plus_slugging_plus_mean":81.6625386997,
        "b_onbase_plus_slugging_plus_std":58.1718975472,
        "b_roba_mean":0.2909103555,