{
    "2022":{
        "age_mean":27.4350132626,
        "age_std":3.2602774589,
        "b_war_mean":1.5673740053,
        "b_war_std":1.9323180189,
        "b_games_mean":100.5384615385,
        "b_games_std":38.8074794114,
        "b_pa_mean":378.7904509284,
        "b_pa_std":178.2389804838,
        "b_ab_mean":339.4456233422,
        "b_ab_std":158.6595204987,
        "b_r_mean":44.6763925729,
        "b_r_std":25.6525744163,
        "b_h_mean":84.2122015915,
        "b_h_std":45.2992128023,
        "b_doubles_mean":17.0822281167,
        "b_doubles_std":10.3723818702,
        "b_triples_mean":1.3607427056,
        "b_triples_std":1.570115689,
        "b_hr_mean":11.4694960212,
        "b_hr_std":9.3921508657,
        "b_rbi_mean":42.4641909814,
        "b_rbi_std":26.3858322809,
        "b_sb_mean":5.5305039788,
        "b_sb_std":6.9500304615,
        "b_cs_mean":1.7931034483,
        "b_cs_std":2.12373997,
        "b_bb_mean":31.5384615385,
        "b_bb_std":19.9202994607,
        "b_so_mean":82.4641909814,
        "b_so_std":38.5247145936,
        "b_batting_avg_mean":0.2415198939,
        "b_batting_avg_std":0.034258564,
        "b_onbase_perc_mean":0.3102785146,
        "b_onbase_perc_std":0.0368361003,
        "b_slugging_perc_mean":0.3940875332,
        "b_slugging_perc_std":0.0744298562,
        "b_onbase_plus_slugging_mean":0.704331565,
        "b_onbase_plus_slugging_std":0.1028160612,
        "b_onbase_plus_slugging_plus_mean":99.2228116711,
        "b_onbase_plus_slugging_plus_std":28.1787268778,
        "b_roba_mean":0.3147055703,
        "b_roba_std":0.0406505711,
        "b_rbat_plus_mean":98.9336870027,
        "b_rbat_plus_std":29.5130399495,
        "b_tb_mean":138.424403183,
        "b_tb_std":78.4081332538,
        "b_gidp_mean":6.9151193634,
        "b_gidp_std":4.9042111246,
        "b_hbp_mean":4.3872679045,
        "b_hbp_std":4.0931503779,
        "b_sh_mean":0.7320954907,
        "b_sh_std":1.6550548334,
        "b_sf_mean":2.5517241379,
        "b_sf_std":2.1145653565,
        "b_ibb_mean":1.0848806366,
        "b_ibb_std":2.4030586779,
        "salary_info_mean":4761087.623342175,
        "salary_info_std":7352150.9079595963,
        "b_war_per_dollar_mean":0.0000010788,
        "b_war_per_dollar_std":0.0000018656,
        "b_h_per_dollar_mean":0.0000655003,
        "b_h_per_dollar_std":0.0000610302,
        "b_hr_per_dollar_mean":0.0000081835,
        "b_hr_per_dollar_std":0.0000090593,
        "b_doubles_per_dollar_mean":0.0000131381,
        "b_doubles_per_dollar_std":0.0000128542,
        "b_triples_per_dollar_mean":0.0000011918,
        "b_triples_per_dollar_std":0.0000018222,
        "b_sb_per_dollar_mean":0.0000047862,
        "b_sb_per_dollar_std":0.0000083467,
        "b_bb_per_dollar_mean":0.000023212,
        "b_bb_per_dollar_std":0.0000224301,
        "b_tb_per_dollar_mean":0.0001055724,
        "b_tb_per_dollar_std":0.0000987122,
        "b_games_per_dollar_mean":0.0000823253,
        "b_games_per_dollar_std":0.000066967,
        "ops_plus_per_dollar_mean":-0.000004243,
        "ops_plus_per_dollar_std":0.0000297872
    },
    "2023":{
        "age_mean":27.6699266504,
        "age_std":3.6240076728,
        "b_war_mean":1.4970660147,
        "b_war_std":1.8351794265,
        "b_games_mean":104.2616136919,
        "b_games_std":37.781590059,
        "b_pa_mean":392.1222493888,
        "b_pa_std":178.7787813627,
        "b_ab_mean":349.8435207824,
        "b_ab_std":158.386301656,
        "b_r_mean":48.8019559902,
        "b_r_std":27.1745879722,
        "b_h_mean":88.4792176039,
        "b_h_std":45.5346795588,
        "b_doubles_mean":17.8410757946,
        "b_doubles_std":9.9067552125,
        "b_triples_mean":1.5427872861,
        "b_triples_std":1.8848604921,
        "b_hr_mean":12.9804400978,
        "b_hr_std":9.7467746702,
        "b_rbi_mean":46.760391198,
        "b_rbi_std":27.0320488049,
        "b_sb_mean":7.7017114914,
        "b_sb_std":10.0334744635,
        "b_cs_mean":1.8850855746,
        "b_cs_std":2.3324222777,
        "b_bb_mean":34.0415647922,
        "b_bb_std":22.1244415792,
        "b_so_mean":87.3545232274,
        "b_so_std":41.9639082243,
        "b_batting_avg_mean":0.2464449878,
        "b_batting_avg_std":0.0330096173,
        "b_onbase_perc_mean":0.3173349633,
        "b_onbase_perc_std":0.0379651256,
        "b_slugging_perc_mean":0.40899511,
        "b_slugging_perc_std":0.0735078692,
        "b_onbase_plus_slugging_mean":0.7263276284,
        "b_onbase_plus_slugging_std":0.1015378093,
        "b_onbase_plus_slugging_plus_mean":97.8728606357,
        "b_onbase_plus_slugging_plus_std":26.9235204389,
        "b_roba_mean":0.3211173594,
        "b_roba_std":0.0396450046,
        "b_rbat_plus_mean":97.8092909535,
        "b_rbat_plus_std":28.2266355183,
        "b_tb_mean":148.3471882641,
        "b_tb_std":80.2531945987,
        "b_gidp_mean":7.4083129584,
        "b_gidp_std":5.2015296901,
        "b_hbp_mean":4.5599022005,
        "b_hbp_std":4.2670598766,
        "b_sh_mean":0.8533007335,
        "b_sh_std":1.5882519402,
        "b_sf_mean":2.6185819071,
        "b_sf_std":2.2120984057,
        "b_ibb_mean":1.1075794621,
        "b_ibb_std":2.3385445153,
        "salary_info_mean":5325228.7432762841,
        "salary_info_std":7782531.0886266595,
        "b_war_per_dollar_mean":0.0000009187,
        "b_war_per_dollar_std":0.0000016457,
        "b_h_per_dollar_mean":0.0000615053,
        "b_h_per_dollar_std":0.0000585397,
        "b_hr_per_dollar_mean":0.000008489,
        "b_hr_per_dollar_std":0.0000097827,
        "b_doubles_per_dollar_mean":0.0000123532,
        "b_doubles_per_dollar_std":0.0000121572,
        "b_triples_per_dollar_mean":0.0000011744,
        "b_triples_per_dollar_std":0.0000020726,
        "b_sb_per_dollar_mean":0.0000061524,
        "b_sb_per_dollar_std":0.0000113987,
        "b_bb_per_dollar_mean":0.0000227881,
        "b_bb_per_dollar_std":0.0000236541,
        "b_tb_per_dollar_mean":0.0001016743,
        "b_tb_per_dollar_std":0.0000981452,
        "b_games_per_dollar_mean":0.0000768993,
        "b_games_per_dollar_std":0.0000651288,
        "ops_plus_per_dollar_mean":-0.0000050958,
        "ops_plus_per_dollar_std":0.0000262154
    },
    "2024":{
        "age_mean":27.8149038462,
        "age_std":3.7225291299,
        "b_war_mean":1.4358173077,
        "b_war_std":1.9171868963,
        "b_games_mean":103.2644230769,
        "b_games_std":39.2056337684,
        "b_pa_mean":384.3317307692,
        "b_pa_std":177.1925113403,
        "b_ab_mean":344.8774038462,
        "b_ab_std":158.0861191836,
        "b_r_mean":45.7524038462,
        "b_r_std":26.1339228192,
        "b_h_mean":85.0817307692,
        "b_h_std":44.8579879968,
        "b_doubles_mean":16.5721153846,
        "b_doubles_std":9.6692079314,
        "b_triples_mean":1.5,
        "b_triples_std":1.9818453127,
        "b_hr_mean":11.9975961538,
        "b_hr_std":9.3583282407,
        "b_rbi_mean":44.0240384615,
        "b_rbi_std":26.2983695319,
        "b_sb_mean":7.7403846154,
        "b_sb_std":9.5858783608,
        "b_cs_mean":2.0,
        "b_cs_std":2.4297354708,
        "b_bb_mean":31.5480769231,
        "b_bb_std":20.117308885,
        "b_so_mean":85.4230769231,
        "b_so_std":42.1369979792,
        "b_batting_avg_mean":0.23925,
        "b_batting_avg_std":0.0346789753,
        "b_onbase_perc_mean":0.3068677885,
        "b_onbase_perc_std":0.0383660784,
        "b_slugging_perc_mean":0.3915240385,
        "b_slugging_perc_std":0.0753490793,
        "b_onbase_plus_slugging_mean":0.6983846154,
        "b_onbase_plus_slugging_std":0.1058836422,
        "b_onbase_plus_slugging_plus_mean":96.4350961538,
        "b_onbase_plus_slugging_plus_std":28.9761117897,
        "b_roba_mean":0.3110961538,
        "b_roba_std":0.0409475172,
        "b_rbat_plus_mean":96.2764423077,
        "b_rbat_plus_std":29.5787781762,
        "b_tb_mean":140.6466346154,
        "b_tb_std":79.3504208549,