{
    "2022":{
        "age_mean":28.0986547085,
        "age_std":3.2889529746,
        "p_war_mean":0.919058296,
        "p_war_std":1.4238166816,
        "p_w_mean":4.5044843049,
        "p_w_std":3.8252534707,
        "p_l_mean":4.2578475336,
        "p_l_std":3.2634673549,
        "p_win_loss_perc_mean":0.5103514739,
        "p_win_loss_perc_std":0.237629307,
        "p_earned_run_avg_mean":3.8707399103,
        "p_earned_run_avg_std":1.414926572,
        "p_g_mean":33.7443946188,
        "p_g_std":17.927372893,
        "p_gs_mean":9.3946188341,
        "p_gs_std":11.2703795022,
        "p_gf_mean":7.0493273543,
        "p_gf_std":10.138913223,
        "p_cg_mean":0.0762331839,
        "p_cg_std":0.4005840448,
        "p_sho_mean":0.0358744395,
        "p_sho_std":0.1861858982,
        "p_sv_mean":2.1457399103,
        "p_sv_std":5.8742490614,
        "p_ip_mean":76.3065022422,
        "p_ip_std":48.829017693,
        "p_h_mean":68.8766816143,
        "p_h_std":45.9634495114,
        "p_r_mean":35.0448430493,
        "p_r_std":22.7568042986,
        "p_er_mean":32.0403587444,
        "p_er_std":21.4818069639,
        "p_hr_mean":8.8452914798,
        "p_hr_std":7.0258471619,
        "p_bb_mean":25.3520179372,
        "p_bb_std":14.830407056,
        "p_ibb_mean":0.7174887892,
        "p_ibb_std":1.0105105923,
        "p_so_mean":73.83632287,
        "p_so_std":48.8709617503,
        "p_hbp_mean":3.4641255605,
        "p_hbp_std":3.1426482817,
        "p_bk_mean":0.1995515695,
        "p_bk_std":0.4909058591,
        "p_wp_mean":2.6771300448,
        "p_wp_std":2.4492634648,
        "p_bfp_mean":320.5022421525,
        "p_bfp_std":200.2832460458,
        "p_earned_run_avg_plus_mean":121.4606741573,
        "p_earned_run_avg_plus_std":77.1769430892,
        "p_fip_mean":3.8759192825,
        "p_fip_std":1.0441124106,
        "p_whip_mean":1.2602399103,
        "p_whip_std":0.2273861603,
        "p_hits_per_nine_mean":8.1031390135,
        "p_hits_per_nine_std":1.6874124899,
        "p_hr_per_nine_mean":1.0284753363,
        "p_hr_per_nine_std":0.5422971598,
        "p_bb_per_nine_mean":3.2430493274,
        "p_bb_per_nine_std":1.1728132441,
        "p_so_per_nine_mean":8.7612107623,
        "p_so_per_nine_std":2.0252445801,
        "p_strikeouts_per_base_on_balls_mean":3.1427130045,
        "p_strikeouts_per_base_on_balls_std":2.0819700142,
        "salary_info_mean":2969456.5874439464,
        "salary_info_std":5208022.2273251237,
        "p_g_per_dollar_mean":0.0000334434,
        "p_g_per_dollar_std":0.0000263261,
        "p_war_per_dollar_mean":0.0000007757,
        "p_war_per_dollar_std":0.0000015672,
        "p_w_per_dollar_mean":0.0000038865,
        "p_w_per_dollar_std":0.0000042608,
        "p_ip_per_dollar_mean":0.0000690231,
        "p_ip_per_dollar_std":0.0000593188,
        "p_so_per_dollar_mean":0.0000658104,
        "p_so_per_dollar_std":0.0000580075,
        "p_so_per_nine_per_dollar_mean":0.00000874,
        "p_so_per_nine_per_dollar_std":0.0000051677,
        "p_earned_run_avg_plus_per_dollar_mean":0.0000180145,
        "p_earned_run_avg_plus_per_dollar_std":0.0000663791
    },
    "2023":{
        "age_mean":28.4817073171,
        "age_std":3.6167846344,
        "p_war_mean":0.8406504065,
        "p_war_std":1.2579417708,
        "p_w_mean":4.2947154472,
        "p_w_std":3.6469070846,
        "p_l_mean":4.0589430894,
        "p_l_std":3.2030060507,
        "p_win_loss_perc_mean":0.5178719008,
        "p_win_loss_perc_std":0.2439512478,
        "p_earned_run_avg_mean":4.2628455285,
        "p_earned_run_avg_std":1.4482968551,
        "p_g_mean":32.7012195122,
        "p_g_std":18.9823092295,
        "p_gs_mean":8.8008130081,
        "p_gs_std":10.8019082265,
        "p_gf_mean":6.8861788618,
        "p_gf_std":10.4192781155,
        "p_cg_mean":0.0691056911,
        "p_cg_std":0.336661477,
        "p_sho_mean":0.0406504065,
        "p_sho_std":0.2173108742,
        "p_sv_mean":2.0975609756,
        "p_sv_std":6.4231818373,
        "p_ip_mean":72.8802845528,
        "p_ip_std":47.5269737703,
        "p_h_mean":67.9369918699,
        "p_h_std":45.8149347031,
        "p_r_mean":36.3861788618,
        "p_r_std":23.8867246199,
        "p_er_mean":33.6158536585,
        "p_er_std":22.6946612751,
        "p_hr_mean":9.6605691057,
        "p_hr_std":7.3559922012,
        "p_bb_mean":25.8150406504,
        "p_bb_std":16.2273918367,
        "p_ibb_mean":0.7276422764,
        "p_ibb_std":1.0920039549,
        "p_so_mean":71.6341463415,
        "p_so_std":49.1879504879,
        "p_hbp_mean":3.3963414634,
        "p_hbp_std":2.7957319138,
        "p_bk_mean":0.3455284553,
        "p_bk_std":0.7181955248,
        "p_wp_mean":2.5711382114,
        "p_wp_std":2.5072238453,
        "p_bfp_mean":309.7886178862,
        "p_bfp_std":197.765254168,
        "p_earned_run_avg_plus_mean":118.6158536585,
        "p_earned_run_avg_plus_std":64.8804697036,
        "p_fip_mean":4.3121138211,
        "p_fip_std":1.0448595942,
        "p_whip_mean":1.3102073171,
        "p_whip_std":0.2388407716,
        "p_hits_per_nine_mean":8.4010162602,
        "p_hits_per_nine_std":1.810216251,
        "p_hr_per_nine_mean":1.1985772358,
        "p_hr_per_nine_std":0.5477021134,
        "p_bb_per_nine_mean":3.3896341463,
        "p_bb_per_nine_std":1.1895138699,
        "p_so_per_nine_mean":8.7894308943,
        "p_so_per_nine_std":2.0048642684,
        "p_strikeouts_per_base_on_balls_mean":2.9479471545,
        "p_strikeouts_per_base_on_balls_std":1.3881154176,
        "salary_info_mean":3392081.9146341463,
        "salary_info_std":5711411.6967624389,
        "p_g_per_dollar_mean":0.000029987,
        "p_g_per_dollar_std":0.0000257114,
        "p_war_per_dollar_mean":0.0000006579,
        "p_war_per_dollar_std":0.0000012268,
        "p_w_per_dollar_mean":0.0000034641,
        "p_w_per_dollar_std":0.0000038729,
        "p_ip_per_dollar_mean":0.0000611703,
        "p_ip_per_dollar_std":0.0000557085,
        "p_so_per_dollar_mean":0.0000595556,
        "p_so_per_dollar_std":0.0000557045,
        "p_so_per_nine_per_dollar_mean":0.0000081474,
        "p_so_per_nine_per_dollar_std":0.0000050819,
        "p_earned_run_avg_plus_per_dollar_mean":0.0000147499,
        "p_earned_run_avg_plus_per_dollar_std":0.0000664097
    },
    "2024":{
        "age_mean":28.7534791252,
        "age_std":3.7094236114,
        "p_war_mean":0.8292246521,
        "p_war_std":1.2995711809,
        "p_w_mean":4.3300198807,
        "p_w_std":3.7711466705,
        "p_l_mean":4.1769383698,
        "p_l_std":3.4169872348,
        "p_win_loss_perc_mean":0.5060603622,
        "p_win_loss_perc_std":0.2558514099,
        "p_earned_run_avg_mean":4.0014115308,
        "p_earned_run_avg_std":1.4199978241,
        "p_g_mean":32.7753479125,
        "p_g_std":19.2539960314,
        "p_gs_mean":8.8926441352,
        "p_gs_std":11.125345492,
        "p_gf_mean":6.986083499,
        "p_gf_std":10.4655479738,
        "p_cg_mean":0.055666004,
        "p_cg_std":0.2542129166,
        "p_sho_mean":0.0318091451,
        "p_sho_std":0.1756663675,
        "p_sv_mean":2.0854870775,
        "p_sv_std":6.3105748306,
        "p_ip_mean":73.1508946322,
        "p_ip_std":48.9653503211,
        "p_h_mean":66.5367793241,
        "p_h_std":46.1650656451,
        "p_r_mean":34.9105367793,
        "p_r_std":23.6177635118,
        "p_er_mean":31.958250497,
        "p_er_std":22.2812573435,
        "p_hr_mean":9.0457256461,
        "p_hr_std":7.1308136008,
        "p_bb_mean":24.5447316103,
        "p_bb_std":15.5032925136,
        "p_ibb_mean":0.7992047714,
        "p_ibb_std":1.2293875665,
        "p_so_mean":70.7574552684,
        "p_so_std":48.7215114337,
        "p_hbp_mean":3.3001988072,
        "p_hbp_std":3.0460182291,
        "p_bk_mean":0.3200795229,
        "p_bk_std":0.6366420824,
        "p_wp_mean":2.3001988072,
        "p_wp_std":2.2861395896,
        "p_bfp_mean":308.3339960239,
        "p_bfp_std":202.3768913506,